fecha,origen,destino,envios,pallets,trailers,tortons,capacidad,ocupacion,horas_transito,hora_salida,llegada_hora,llegada_dia,km,costo,costo_por_pqt,km_real,km_final,costo_real
2023-06-18,Mérida,Campeche,292,5,0,1,14,0.35714285714285715,2.91666666666667,22:30,01:25,1.0,175.0000000000002,7000.000000000008,23.972602739726057,176.5,176.5,7060.0
2023-06-18,Mérida,Cancun,1058,18,1,0,28,0.6428571428571429,6.125,22:30,04:37,1.0,367.5,22050.0,20.841209829867676,303.4,303.4,18204.0
2023-06-18,Mérida,Chetumal,263,5,0,1,14,0.35714285714285715,6.5,22:30,05:00,1.0,390.0,15600.0,59.31558935361217,383.9,383.9,15356.0
2023-06-18,Mérida,Ciudad del Carmen,186,4,0,1,14,0.2857142857142857,7.0,22:30,05:30,1.0,420.0,16800.0,90.3225806451613,383.0,383.0,15320.0
2023-06-18,Mérida,Mérida,1125,19,1,0,28,0.6785714285714286,0.666666666666667,22:30,23:10,0.0,40.000000000000014,2400.000000000001,2.133333333333334,,40.000000000000014,2400.000000000001
2023-06-18,Mérida,Playa,253,5,0,1,14,0.35714285714285715,7.0,22:30,05:30,1.0,420.0,16800.0,66.40316205533597,287.8,287.8,11512.0
2023-06-18,Mérida,Tuxtla Gutierrez,142,3,0,1,14,0.21428571428571427,14.0,22:30,12:30,1.0,840.0,33600.0,236.61971830985917,802.1,802.1,32084.0
2023-06-18,Mérida,Villahermosa,242,5,0,1,14,0.35714285714285715,9.0,22:30,07:30,1.0,540.0,21600.0,89.25619834710744,560.3,560.3,22412.0
2023-06-18,Tepotzotlan,Campeche,595,10,0,1,14,0.7142857142857143,21.0,20:30,17:30,1.0,1260.0,50400.0,84.70588235294117,1187.8,1187.8,47512.0
2023-06-18,Tepotzotlan,Cancun,1082,19,1,0,28,0.6785714285714286,27.0,20:30,23:30,1.0,1620.0,97200.0,89.83364140480592,1663.2,1663.2,99792.0
2023-06-18,Tepotzotlan,Chetumal,335,6,0,1,14,0.42857142857142855,26.0,20:30,22:30,1.0,1560.0,62400.0,186.26865671641792,1380.4,1380.4,55216.0
2023-06-18,Tepotzotlan,Ciudad del Carmen,578,10,0,1,14,0.7142857142857143,17.8,20:30,14:18,1.0,1068.0,42720.0,73.91003460207612,982.9,982.9,39316.0
2023-06-18,Tepotzotlan,Mérida,995,17,1,0,28,0.6071428571428571,24.86664,20:30,21:21,1.0,1491.9984,89519.904,89.96975276381909,1365.4,1365.4,81924.0
2023-06-18,Tepotzotlan,Playa,947,16,1,0,28,0.5714285714285714,28.0,20:30,00:30,2.0,1680.0,100800.0,106.44139387539599,1647.6,1647.6,98856.0
2023-06-18,Tepotzotlan,Tuxtla Gutierrez,4401,74,3,0,84,0.8809523809523809,14.8333333333333,20:30,11:19,1.0,889.999999999998,160199.99999999962,36.40081799590993,887.5,887.5,159750.0
2023-06-18,Tepotzotlan,Villahermosa,5561,93,3,1,98,0.9489795918367347,14.6837777777778,22:30,13:11,1.0,881.026666666668,193825.86666666696,34.8544985913805,804.5,804.5,176990.0
2023-06-19,Campeche,Cancun,7,1,0,1,14,0.07142857142857142,,,,,,,,476.6,476.6,19064.0
2023-06-19,Campeche,Mérida,11,1,0,1,14,0.07142857142857142,4.0,,,,240.0,9600.0,872.7272727272727,178.8,178.8,7152.0
2023-06-19,Campeche,Playa,6,1,0,1,14,0.07142857142857142,,,,,,,,461.0,461.0,18440.0
2023-06-19,Campeche,Tuxtla Gutierrez,4,1,0,1,14,0.07142857142857142,,,,,,,,625.4,625.4,25016.0
2023-06-19,Campeche,Villahermosa,9,1,0,1,14,0.07142857142857142,7.25,,,,435.0,17400.0,1933.3333333333333,383.6,383.6,15344.0
2023-06-19,Cancun,Campeche,5,1,0,1,14,0.07142857142857142,8.5,16:30,01:00,1.0,510.0,20400.0,4080.0,475.8,475.8,19032.0
2023-06-19,Cancun,Cancun,18,1,0,1,14,0.07142857142857142,1.0,16:30,17:30,0.0,60.0,2400.0,133.33333333333334,,60.0,2400.0
2023-06-19,Cancun,Chetumal,6,1,0,1,14,0.07142857142857142,,16:30,,,,,,384.6,384.6,15384.0
2023-06-19,Cancun,Ciudad del Carmen,2,1,0,1,14,0.07142857142857142,,16:30,,,,,,682.3,682.3,27292.0
2023-06-19,Cancun,Mérida,16,1,0,1,14,0.07142857142857142,4.66666666666667,16:30,21:10,0.0,280.00000000000017,11200.000000000007,700.0000000000005,303.2,303.2,12128.0
2023-06-19,Cancun,Playa,15,1,0,1,14,0.07142857142857142,,16:30,,,,,,68.2,68.2,2728.0
2023-06-19,Cancun,Tuxtla Gutierrez,3,1,0,1,14,0.07142857142857142,,16:30,,,,,,1101.4,1101.4,44056.0
2023-06-19,Cancun,Villahermosa,2,1,0,1,14,0.07142857142857142,,16:30,,,,,,859.6,859.6,34384.0
2023-06-19,Mérida,Campeche,356,6,0,1,14,0.42857142857142855,2.91666666666667,22:30,01:25,1.0,175.0000000000002,7000.000000000008,19.66292134831463,176.5,176.5,7060.0
2023-06-19,Mérida,Cancun,1498,25,1,0,28,0.8928571428571429,6.125,22:30,04:37,1.0,367.5,22050.0,14.719626168224298,303.4,303.4,18204.0
2023-06-19,Mérida,Chetumal,323,6,0,1,14,0.42857142857142855,6.5,22:30,05:00,1.0,390.0,15600.0,48.297213622291025,383.9,383.9,15356.0
2023-06-19,Mérida,Ciudad del Carmen,180,3,0,1,14,0.21428571428571427,7.0,22:30,05:30,1.0,420.0,16800.0,93.33333333333333,383.0,383.0,15320.0
2023-06-19,Mérida,Mérida,1612,27,1,0,28,0.9642857142857143,0.666666666666667,22:30,23:10,0.0,40.000000000000014,2400.000000000001,1.4888337468982635,,40.000000000000014,2400.000000000001
2023-06-19,Mérida,Playa,59,1,0,1,14,0.07142857142857142,7.0,22:30,05:30,1.0,420.0,16800.0,284.7457627118644,287.8,287.8,11512.0
2023-06-19,Mérida,Tuxtla Gutierrez,164,3,0,1,14,0.21428571428571427,14.0,22:30,12:30,1.0,840.0,33600.0,204.8780487804878,802.1,802.1,32084.0
2023-06-19,Mérida,Villahermosa,286,5,0,1,14,0.35714285714285715,9.0,22:30,07:30,1.0,540.0,21600.0,75.52447552447552,560.3,560.3,22412.0
2023-06-19,Tapachula,Mérida,1,1,0,1,14,0.07142857142857142,,21:00,,,,,,1119.4,1119.4,44776.0
2023-06-19,Tepotzotlan,Campeche,924,16,1,0,28,0.5714285714285714,21.0,20:30,17:30,1.0,1260.0,75600.0,81.81818181818181,1187.8,1187.8,71268.0
2023-06-19,Tepotzotlan,Cancun,2556,43,2,0,56,0.7678571428571429,27.0,20:30,23:30,1.0,1620.0,194400.0,76.05633802816901,1663.2,1663.2,199584.0
2023-06-19,Tepotzotlan,Chetumal,615,11,0,1,14,0.7857142857142857,26.0,20:30,22:30,1.0,1560.0,62400.0,101.46341463414635,1380.4,1380.4,55216.0
2023-06-19,Tepotzotlan,Ciudad del Carmen,1198,20,1,0,28,0.7142857142857143,17.8,20:30,14:18,1.0,1068.0,64080.0,53.48914858096828,982.9,982.9,58974.0
2023-06-19,Tepotzotlan,Mérida,2515,42,1,1,42,1.0,24.86664,20:30,21:21,1.0,1491.9984,149199.84,59.323992047713716,1365.4,1365.4,136540.0
2023-06-19,Tepotzotlan,Playa,1725,29,1,1,42,0.6904761904761905,28.0,20:30,00:30,2.0,1680.0,168000.0,97.3913043478261,1647.6,1647.6,164760.0
2023-06-19,Tepotzotlan,Tuxtla Gutierrez,6638,111,4,0,112,0.9910714285714286,14.8333333333333,20:30,11:19,1.0,889.999999999998,213599.9999999995,32.17836697800535,887.5,887.5,213000.0
2023-06-19,Tepotzotlan,Villahermosa,9305,156,6,0,168,0.9285714285714286,14.6837777777778,22:30,13:11,1.0,881.026666666668,317169.6000000005,34.085932294465394,804.5,804.5,289620.0
2023-06-19,Villahermosa,Campeche,6,1,0,1,14,0.07142857142857142,7.0,05:00,12:00,0.0,420.0,16800.0,2800.0,381.9,381.9,15276.0
2023-06-19,Villahermosa,Villahermosa,24,1,0,1,14,0.07142857142857142,,05:00,,,,,,,,
2023-06-20,Campeche,Campeche,1,1,0,1,14,0.07142857142857142,,,,,,,,,,
2023-06-20,Campeche,Cancun,3,1,0,1,14,0.07142857142857142,,,,,,,,476.6,476.6,19064.0
2023-06-20,Campeche,Mérida,4,1,0,1,14,0.07142857142857142,4.0,,,,240.0,9600.0,2400.0,178.8,178.8,7152.0
2023-06-20,Campeche,Playa,2,1,0,1,14,0.07142857142857142,,,,,,,,461.0,461.0,18440.0
2023-06-20,Campeche,Tuxtla Gutierrez,1,1,0,1,14,0.07142857142857142,,,,,,,,625.4,625.4,25016.0
2023-06-20,Campeche,Villahermosa,3,1,0,1,14,0.07142857142857142,7.25,,,,435.0,17400.0,5800.0,383.6,383.6,15344.0
2023-06-20,Cancun,Campeche,3,1,0,1,14,0.07142857142857142,8.5,16:30,01:00,1.0,510.0,20400.0,6800.0,475.8,475.8,19032.0
2023-06-20,Cancun,Cancun,8,1,0,1,14,0.07142857142857142,1.0,16:30,17:30,0.0,60.0,2400.0,300.0,,60.0,2400.0
2023-06-20,Cancun,Chetumal,1,1,0,1,14,0.07142857142857142,,16:30,,,,,,384.6,384.6,15384.0
2023-06-20,Cancun,Ciudad del Carmen,2,1,0,1,14,0.07142857142857142,,16:30,,,,,,682.3,682.3,27292.0
2023-06-20,Cancun,Mérida,14,1,0,1,14,0.07142857142857142,4.66666666666667,16:30,21:10,0.0,280.00000000000017,11200.000000000007,800.0000000000006,303.2,303.2,12128.0
2023-06-20,Cancun,Playa,9,1,0,1,14,0.07142857142857142,,16:30,,,,,,68.2,68.2,2728.0
2023-06-20,Cancun,Tuxtla Gutierrez,3,1,0,1,14,0.07142857142857142,,16:30,,,,,,1101.4,1101.4,44056.0
2023-06-20,Cancun,Villahermosa,3,1,0,1,14,0.07142857142857142,,16:30,,,,,,859.6,859.6,34384.0
2023-06-20,Mérida,Campeche,378,7,0,1,14,0.5,2.91666666666667,22:30,01:25,1.0,175.0000000000002,7000.000000000008,18.51851851851854,176.5,176.5,7060.0
2023-06-20,Mérida,Cancun,1265,22,1,0,28,0.7857142857142857,6.125,22:30,04:37,1.0,367.5,22050.0,17.43083003952569,303.4,303.4,18204.0
2023-06-20,Mérida,Chetumal,334,6,0,1,14,0.42857142857142855,6.5,22:30,05:00,1.0,390.0,15600.0,46.706586826347305,383.9,383.9,15356.0
2023-06-20,Mérida,Ciudad del Carmen,228,4,0,1,14,0.2857142857142857,7.0,22:30,05:30,1.0,420.0,16800.0,73.6842105263158,383.0,383.0,15320.0
2023-06-20,Mérida,Mérida,1548,26,1,0,28,0.9285714285714286,0.666666666666667,22:30,23:10,0.0,40.000000000000014,2400.000000000001,1.5503875968992253,,40.000000000000014,2400.000000000001
2023-06-20,Mérida,Playa,202,4,0,1,14,0.2857142857142857,7.0,22:30,05:30,1.0,420.0,16800.0,83.16831683168317,287.8,287.8,11512.0
2023-06-20,Mérida,Tuxtla Gutierrez,180,3,0,1,14,0.21428571428571427,14.0,22:30,12:30,1.0,840.0,33600.0,186.66666666666666,802.1,802.1,32084.0
2023-06-20,Mérida,Villahermosa,320,6,0,1,14,0.42857142857142855,9.0,22:30,07:30,1.0,540.0,21600.0,67.5,560.3,560.3,22412.0
2023-06-20,Tepotzotlan,Campeche,1161,20,1,0,28,0.7142857142857143,21.0,20:30,17:30,1.0,1260.0,75600.0,65.11627906976744,1187.8,1187.8,71268.0
2023-06-20,Tepotzotlan,Cancun,3234,54,2,0,56,0.9642857142857143,27.0,20:30,23:30,1.0,1620.0,194400.0,60.111317254174395,1663.2,1663.2,199584.0
2023-06-20,Tepotzotlan,Chetumal,849,15,1,0,28,0.5357142857142857,26.0,20:30,22:30,1.0,1560.0,93600.0,110.24734982332156,1380.4,1380.4,82824.0
2023-06-20,Tepotzotlan,Ciudad del Carmen,1357,23,1,0,28,0.8214285714285714,17.8,20:30,14:18,1.0,1068.0,64080.0,47.221812822402356,982.9,982.9,58974.0
2023-06-20,Tepotzotlan,Mérida,3421,58,2,1,70,0.8285714285714286,24.86664,20:30,21:21,1.0,1491.9984,238719.744,69.78069102601579,1365.4,1365.4,218464.0
2023-06-20,Tepotzotlan,Playa,2121,36,1,1,42,0.8571428571428571,28.0,20:30,00:30,2.0,1680.0,168000.0,79.20792079207921,1647.6,1647.6,164760.0
2023-06-20,Tepotzotlan,Tuxtla Gutierrez,7854,131,5,0,140,0.9357142857142857,14.8333333333333,20:30,11:19,1.0,889.999999999998,266999.99999999936,33.995416348357445,887.5,887.5,266250.0
2023-06-20,Tepotzotlan,Villahermosa,10959,183,7,0,196,0.9336734693877551,14.6837777777778,22:30,13:11,1.0,881.026666666668,370031.20000000054,33.765051555798934,804.5,804.5,337890.0
2023-06-20,Tuxtla Gutierrez,Mérida,2,1,0,1,14,0.07142857142857142,,23:00,,,,,,802.2,802.2,32088.0
2023-06-20,Tuxtla Gutierrez,Tuxtla Gutierrez,1,1,0,1,14,0.07142857142857142,5.0,23:00,04:00,1.0,300.0,12000.0,12000.0,,300.0,12000.0
2023-06-20,Villahermosa,Campeche,1,1,0,1,14,0.07142857142857142,7.0,05:00,12:00,0.0,420.0,16800.0,16800.0,381.9,381.9,15276.0
2023-06-20,Villahermosa,Cancun,19,1,0,1,14,0.07142857142857142,,05:00,,,,,,857.3,857.3,34292.0
2023-06-20,Villahermosa,Chetumal,3,1,0,1,14,0.07142857142857142,,05:00,,,,,,575.9,575.9,23036.0
2023-06-20,Villahermosa,Ciudad del Carmen,5,1,0,1,14,0.07142857142857142,3.5,05:00,08:30,0.0,210.0,8400.0,1680.0,177.1,177.1,7084.0
2023-06-20,Villahermosa,Mérida,17,1,0,1,14,0.07142857142857142,,05:00,,,,,,559.5,559.5,22380.0
2023-06-20,Villahermosa,Playa,5,1,0,1,14,0.07142857142857142,,05:00,,,,,,841.7,841.7,33668.0
2023-06-20,Villahermosa,Tuxtla Gutierrez,13,1,0,1,14,0.07142857142857142,5.5,05:00,10:30,0.0,330.0,13200.0,1015.3846153846154,243.1,243.1,9724.0
2023-06-20,Villahermosa,Villahermosa,12,1,0,1,14,0.07142857142857142,,05:00,,,,,,,,
2023-06-21,Campeche,Campeche,1,1,0,1,14,0.07142857142857142,,,,,,,,,,
2023-06-21,Campeche,Ciudad del Carmen,1,1,0,1,14,0.07142857142857142,3.625,,,,217.5,8700.0,8700.0,206.3,206.3,8252.0
2023-06-21,Campeche,Mérida,4,1,0,1,14,0.07142857142857142,4.0,,,,240.0,9600.0,2400.0,178.8,178.8,7152.0
2023-06-21,Campeche,Tuxtla Gutierrez,3,1,0,1,14,0.07142857142857142,,,,,,,,625.4,625.4,25016.0
2023-06-21,Campeche,Villahermosa,3,1,0,1,14,0.07142857142857142,7.25,,,,435.0,17400.0,5800.0,383.6,383.6,15344.0
2023-06-21,Cancun,Campeche,4,1,0,1,14,0.07142857142857142,8.5,16:30,01:00,1.0,510.0,20400.0,5100.0,475.8,475.8,19032.0
2023-06-21,Cancun,Cancun,10,1,0,1,14,0.07142857142857142,1.0,16:30,17:30,0.0,60.0,2400.0,240.0,,60.0,2400.0
2023-06-21,Cancun,Chetumal,4,1,0,1,14,0.07142857142857142,,16:30,,,,,,384.6,384.6,15384.0
2023-06-21,Cancun,Ciudad del Carmen,2,1,0,1,14,0.07142857142857142,,16:30,,,,,,682.3,682.3,27292.0
2023-06-21,Cancun,Mérida,18,1,0,1,14,0.07142857142857142,4.66666666666667,16:30,21:10,0.0,280.00000000000017,11200.000000000007,622.2222222222226,303.2,303.2,12128.0
2023-06-21,Cancun,Playa,8,1,0,1,14,0.07142857142857142,,16:30,,,,,,68.2,68.2,2728.0
2023-06-21,Cancun,Villahermosa,2,1,0,1,14,0.07142857142857142,,16:30,,,,,,859.6,859.6,34384.0
2023-06-21,Mérida,Campeche,409,7,0,1,14,0.5,2.91666666666667,22:30,01:25,1.0,175.0000000000002,7000.000000000008,17.114914425427894,176.5,176.5,7060.0
2023-06-21,Mérida,Cancun,1353,23,1,0,28,0.8214285714285714,6.125,22:30,04:37,1.0,367.5,22050.0,16.29711751662971,303.4,303.4,18204.0
2023-06-21,Mérida,Chetumal,365,7,0,1,14,0.5,6.5,22:30,05:00,1.0,390.0,15600.0,42.73972602739726,383.9,383.9,15356.0
2023-06-21,Mérida,Ciudad del Carmen,227,4,0,1,14,0.2857142857142857,7.0,22:30,05:30,1.0,420.0,16800.0,74.00881057268722,383.0,383.0,15320.0
2023-06-21,Mérida,Mérida,1561,27,1,0,28,0.9642857142857143,0.666666666666667,22:30,23:10,0.0,40.000000000000014,2400.000000000001,1.537475976937861,,40.000000000000014,2400.000000000001
2023-06-21,Mérida,Playa,173,3,0,1,14,0.21428571428571427,7.0,22:30,05:30,1.0,420.0,16800.0,97.10982658959537,287.8,287.8,11512.0
2023-06-21,Mérida,Tuxtla Gutierrez,217,4,0,1,14,0.2857142857142857,14.0,22:30,12:30,1.0,840.0,33600.0,154.83870967741936,802.1,802.1,32084.0
2023-06-21,Mérida,Villahermosa,337,6,0,1,14,0.42857142857142855,9.0,22:30,07:30,1.0,540.0,21600.0,64.09495548961425,560.3,560.3,22412.0
2023-06-21,Tepotzotlan,Campeche,978,17,1,0,28,0.6071428571428571,21.0,20:30,17:30,1.0,1260.0,75600.0,77.30061349693251,1187.8,1187.8,71268.0
2023-06-21,Tepotzotlan,Cancun,2763,47,2,0,56,0.8392857142857143,27.0,20:30,23:30,1.0,1620.0,194400.0,70.35830618892508,1663.2,1663.2,199584.0
2023-06-21,Tepotzotlan,Chetumal,624,11,0,1,14,0.7857142857142857,26.0,20:30,22:30,1.0,1560.0,62400.0,100.0,1380.4,1380.4,55216.0
2023-06-21,Tepotzotlan,Ciudad del Carmen,1323,23,1,0,28,0.8214285714285714,17.8,20:30,14:18,1.0,1068.0,64080.0,48.435374149659864,982.9,982.9,58974.0
2023-06-21,Tepotzotlan,Mérida,2755,46,2,0,56,0.8214285714285714,24.86664,20:30,21:21,1.0,1491.9984,179039.808,64.98722613430127,1365.4,1365.4,163848.0
2023-06-21,Tepotzotlan,Playa,1877,32,1,1,42,0.7619047619047619,28.0,20:30,00:30,2.0,1680.0,168000.0,89.50452850293021,1647.6,1647.6,164760.0
2023-06-21,Tepotzotlan,Tuxtla Gutierrez,7690,129,5,0,140,0.9214285714285714,14.8333333333333,20:30,11:19,1.0,889.999999999998,266999.99999999936,34.72041612483737,887.5,887.5,266250.0
2023-06-21,Tepotzotlan,Villahermosa,10483,175,6,1,182,0.9615384615384616,14.6837777777778,22:30,13:11,1.0,881.026666666668,352410.6666666672,33.61734872332989,804.5,804.5,321800.0
2023-06-21,Tuxtla Gutierrez,Mérida,1,1,0,1,14,0.07142857142857142,,23:00,,,,,,802.2,802.2,32088.0
2023-06-21,Tuxtla Gutierrez,Tuxtla Gutierrez,1,1,0,1,14,0.07142857142857142,5.0,23:00,04:00,1.0,300.0,12000.0,12000.0,,300.0,12000.0
2023-06-21,Villahermosa,Campeche,2,1,0,1,14,0.07142857142857142,7.0,05:00,12:00,0.0,420.0,16800.0,8400.0,381.9,381.9,15276.0
2023-06-21,Villahermosa,Cancun,10,1,0,1,14,0.07142857142857142,,05:00,,,,,,857.3,857.3,34292.0
2023-06-21,Villahermosa,Chetumal,2,1,0,1,14,0.07142857142857142,,05:00,,,,,,575.9,575.9,23036.0
2023-06-21,Villahermosa,Ciudad del Carmen,5,1,0,1,14,0.07142857142857142,3.5,05:00,08:30,0.0,210.0,8400.0,1680.0,177.1,177.1,7084.0
2023-06-21,Villahermosa,Mérida,13,1,0,1,14,0.07142857142857142,,05:00,,,,,,559.5,559.5,22380.0
2023-06-21,Villahermosa,Playa,5,1,0,1,14,0.07142857142857142,,05:00,,,,,,841.7,841.7,33668.0
2023-06-21,Villahermosa,Tuxtla Gutierrez,7,1,0,1,14,0.07142857142857142,5.5,05:00,10:30,0.0,330.0,13200.0,1885.7142857142858,243.1,243.1,9724.0
2023-06-21,Villahermosa,Villahermosa,12,1,0,1,14,0.07142857142857142,,05:00,,,,,,,,
2023-06-22,Campeche,Cancun,1,1,0,1,14,0.07142857142857142,,,,,,,,476.6,476.6,19064.0
2023-06-22,Campeche,Ciudad del Carmen,2,1,0,1,14,0.07142857142857142,3.625,,,,217.5,8700.0,4350.0,206.3,206.3,8252.0
2023-06-22,Campeche,Mérida,2,1,0,1,14,0.07142857142857142,4.0,,,,240.0,9600.0,4800.0,178.8,178.8,7152.0
2023-06-22,Campeche,Playa,2,1,0,1,14,0.07142857142857142,,,,,,,,461.0,461.0,18440.0
2023-06-22,Campeche,Tuxtla Gutierrez,3,1,0,1,14,0.07142857142857142,,,,,,,,625.4,625.4,25016.0
2023-06-22,Campeche,Villahermosa,6,1,0,1,14,0.07142857142857142,7.25,,,,435.0,17400.0,2900.0,383.6,383.6,15344.0
2023-06-22,Cancun,Campeche,4,1,0,1,14,0.07142857142857142,8.5,16:30,01:00,1.0,510.0,20400.0,5100.0,475.8,475.8,19032.0
2023-06-22,Cancun,Cancun,8,1,0,1,14,0.07142857142857142,1.0,16:30,17:30,0.0,60.0,2400.0,300.0,,60.0,2400.0
2023-06-22,Cancun,Ciudad del Carmen,1,1,0,1,14,0.07142857142857142,,16:30,,,,,,682.3,682.3,27292.0
2023-06-22,Cancun,Mérida,12,1,0,1,14,0.07142857142857142,4.66666666666667,16:30,21:10,0.0,280.00000000000017,11200.000000000007,933.3333333333339,303.2,303.2,12128.0
2023-06-22,Cancun,Playa,10,1,0,1,14,0.07142857142857142,,16:30,,,,,,68.2,68.2,2728.0
2023-06-22,Cancun,Tuxtla Gutierrez,3,1,0,1,14,0.07142857142857142,,16:30,,,,,,1101.4,1101.4,44056.0
2023-06-22,Mérida,Campeche,442,8,0,1,14,0.5714285714285714,2.91666666666667,22:30,01:25,1.0,175.0000000000002,7000.000000000008,15.837104072398208,176.5,176.5,7060.0
2023-06-22,Mérida,Cancun,1365,23,1,0,28,0.8214285714285714,6.125,22:30,04:37,1.0,367.5,22050.0,16.153846153846153,303.4,303.4,18204.0
2023-06-22,Mérida,Chetumal,346,6,0,1,14,0.42857142857142855,6.5,22:30,05:00,1.0,390.0,15600.0,45.08670520231214,383.9,383.9,15356.0
2023-06-22,Mérida,Ciudad del Carmen,228,4,0,1,14,0.2857142857142857,7.0,22:30,05:30,1.0,420.0,16800.0,73.6842105263158,383.0,383.0,15320.0
2023-06-22,Mérida,Mérida,1528,26,1,0,28,0.9285714285714286,0.666666666666667,22:30,23:10,0.0,40.000000000000014,2400.000000000001,1.5706806282722519,,40.000000000000014,2400.000000000001
2023-06-22,Mérida,Playa,200,4,0,1,14,0.2857142857142857,7.0,22:30,05:30,1.0,420.0,16800.0,84.0,287.8,287.8,11512.0
2023-06-22,Mérida,Tuxtla Gutierrez,193,4,0,1,14,0.2857142857142857,14.0,22:30,12:30,1.0,840.0,33600.0,174.09326424870466,802.1,802.1,32084.0
2023-06-22,Mérida,Villahermosa,337,6,0,1,14,0.42857142857142855,9.0,22:30,07:30,1.0,540.0,21600.0,64.09495548961425,560.3,560.3,22412.0
2023-06-22,Tapachula,Tuxtla Gutierrez,1,1,0,1,14,0.07142857142857142,5.0,21:00,02:00,1.0,300.0,12000.0,12000.0,371.2,371.2,14848.0
2023-06-22,Tepotzotlan,Campeche,844,15,1,0,28,0.5357142857142857,21.0,20:30,17:30,1.0,1260.0,75600.0,89.57345971563981,1187.8,1187.8,71268.0
2023-06-22,Tepotzotlan,Cancun,2383,40,1,1,42,0.9523809523809523,27.0,20:30,23:30,1.0,1620.0,162000.0,67.98153587914393,1663.2,1663.2,166320.0
2023-06-22,Tepotzotlan,Chetumal,645,11,0,1,14,0.7857142857142857,26.0,20:30,22:30,1.0,1560.0,62400.0,96.74418604651163,1380.4,1380.4,55216.0
2023-06-22,Tepotzotlan,Ciudad del Carmen,1280,22,1,0,28,0.7857142857142857,17.8,20:30,14:18,1.0,1068.0,64080.0,50.0625,982.9,982.9,58974.0
2023-06-22,Tepotzotlan,Mérida,2469,42,1,1,42,1.0,24.86664,20:30,21:21,1.0,1491.9984,149199.84,60.429258809234504,1365.4,1365.4,136540.0
2023-06-22,Tepotzotlan,Playa,1638,28,1,0,28,1.0,28.0,20:30,00:30,2.0,1680.0,100800.0,61.53846153846154,1647.6,1647.6,98856.0
2023-06-22,Tepotzotlan,Tuxtla Gutierrez,7082,119,4,1,126,0.9444444444444444,14.8333333333333,20:30,11:19,1.0,889.999999999998,249199.99999999942,35.18780005648114,887.5,887.5,248500.0
2023-06-22,Tepotzotlan,Villahermosa,10136,169,6,1,182,0.9285714285714286,14.6837777777778,22:30,13:11,1.0,881.026666666668,352410.6666666672,34.768218889765905,804.5,804.5,321800.0
2023-06-22,Tuxtla Gutierrez,Chetumal,1,1,0,1,14,0.07142857142857142,,23:00,,,,,,817.3,817.3,32692.0
2023-06-22,Tuxtla Gutierrez,Tuxtla Gutierrez,3,1,0,1,14,0.07142857142857142,5.0,23:00,04:00,1.0,300.0,12000.0,4000.0,,300.0,12000.0
2023-06-22,Tuxtla Gutierrez,Villahermosa,1,1,0,1,14,0.07142857142857142,5.0,23:00,04:00,1.0,300.0,12000.0,12000.0,241.4,241.4,9656.0
2023-06-22,Villahermosa,Campeche,1,1,0,1,14,0.07142857142857142,7.0,05:00,12:00,0.0,420.0,16800.0,16800.0,381.9,381.9,15276.0
2023-06-22,Villahermosa,Cancun,8,1,0,1,14,0.07142857142857142,,05:00,,,,,,857.3,857.3,34292.0
2023-06-22,Villahermosa,Ciudad del Carmen,2,1,0,1,14,0.07142857142857142,3.5,05:00,08:30,0.0,210.0,8400.0,4200.0,177.1,177.1,7084.0
2023-06-22,Villahermosa,Mérida,11,1,0,1,14,0.07142857142857142,,05:00,,,,,,559.5,559.5,22380.0
2023-06-22,Villahermosa,Playa,2,1,0,1,14,0.07142857142857142,,05:00,,,,,,841.7,841.7,33668.0
2023-06-22,Villahermosa,Tuxtla Gutierrez,11,1,0,1,14,0.07142857142857142,5.5,05:00,10:30,0.0,330.0,13200.0,1200.0,243.1,243.1,9724.0
2023-06-22,Villahermosa,Villahermosa,6,1,0,1,14,0.07142857142857142,,05:00,,,,,,,,
2023-06-23,Campeche,Campeche,3,1,0,1,14,0.07142857142857142,,,,,,,,,,
2023-06-23,Campeche,Cancun,1,1,0,1,14,0.07142857142857142,,,,,,,,476.6,476.6,19064.0
2023-06-23,Campeche,Ciudad del Carmen,2,1,0,1,14,0.07142857142857142,3.625,,,,217.5,8700.0,4350.0,206.3,206.3,8252.0
2023-06-23,Campeche,Villahermosa,4,1,0,1,14,0.07142857142857142,7.25,,,,435.0,17400.0,4350.0,383.6,383.6,15344.0
2023-06-23,Cancun,Campeche,5,1,0,1,14,0.07142857142857142,8.5,16:30,01:00,1.0,510.0,20400.0,4080.0,475.8,475.8,19032.0
2023-06-23,Cancun,Cancun,7,1,0,1,14,0.07142857142857142,1.0,16:30,17:30,0.0,60.0,2400.0,342.85714285714283,,60.0,2400.0
2023-06-23,Cancun,Mérida,5,1,0,1,14,0.07142857142857142,4.66666666666667,16:30,21:10,0.0,280.00000000000017,11200.000000000007,2240.0000000000014,303.2,303.2,12128.0
2023-06-23,Cancun,Playa,8,1,0,1,14,0.07142857142857142,,16:30,,,,,,68.2,68.2,2728.0
2023-06-23,Cancun,Tuxtla Gutierrez,5,1,0,1,14,0.07142857142857142,,16:30,,,,,,1101.4,1101.4,44056.0
2023-06-23,Cancun,Villahermosa,5,1,0,1,14,0.07142857142857142,,16:30,,,,,,859.6,859.6,34384.0
2023-06-23,Mérida,Campeche,456,8,0,1,14,0.5714285714285714,2.91666666666667,22:30,01:25,1.0,175.0000000000002,7000.000000000008,15.350877192982473,176.5,176.5,7060.0
2023-06-23,Mérida,Cancun,1349,23,1,0,28,0.8214285714285714,6.125,22:30,04:37,1.0,367.5,22050.0,16.345441067457376,303.4,303.4,18204.0
2023-06-23,Mérida,Chetumal,388,7,0,1,14,0.5,6.5,22:30,05:00,1.0,390.0,15600.0,40.20618556701031,383.9,383.9,15356.0
2023-06-23,Mérida,Ciudad del Carmen,283,5,0,1,14,0.35714285714285715,7.0,22:30,05:30,1.0,420.0,16800.0,59.36395759717315,383.0,383.0,15320.0
2023-06-23,Mérida,Mérida,1667,28,1,0,28,1.0,0.666666666666667,22:30,23:10,0.0,40.000000000000014,2400.000000000001,1.4397120575884828,,40.000000000000014,2400.000000000001
2023-06-23,Mérida,Playa,163,3,0,1,14,0.21428571428571427,7.0,22:30,05:30,1.0,420.0,16800.0,103.06748466257669,287.8,287.8,11512.0
2023-06-23,Mérida,Tuxtla Gutierrez,238,4,0,1,14,0.2857142857142857,14.0,22:30,12:30,1.0,840.0,33600.0,141.1764705882353,802.1,802.1,32084.0
2023-06-23,Mérida,Villahermosa,319,6,0,1,14,0.42857142857142855,9.0,22:30,07:30,1.0,540.0,21600.0,67.7115987460815,560.3,560.3,22412.0
2023-06-23,Tepotzotlan,Campeche,789,14,0,1,14,1.0,21.0,20:30,17:30,1.0,1260.0,50400.0,63.87832699619772,1187.8,1187.8,47512.0
2023-06-23,Tepotzotlan,Cancun,2047,35,1,1,42,0.8333333333333334,27.0,20:30,23:30,1.0,1620.0,162000.0,79.14020517830973,1663.2,1663.2,166320.0
2023-06-23,Tepotzotlan,Chetumal,620,11,0,1,14,0.7857142857142857,26.0,20:30,22:30,1.0,1560.0,62400.0,100.64516129032258,1380.4,1380.4,55216.0
2023-06-23,Tepotzotlan,Ciudad del Carmen,1171,20,1,0,28,0.7142857142857143,17.8,20:30,14:18,1.0,1068.0,64080.0,54.72245943637916,982.9,982.9,58974.0
2023-06-23,Tepotzotlan,Mérida,2353,40,1,1,42,0.9523809523809523,24.86664,20:30,21:21,1.0,1491.9984,149199.84,63.40834679133022,1365.4,1365.4,136540.0
2023-06-23,Tepotzotlan,Playa,1641,28,1,0,28,1.0,28.0,20:30,00:30,2.0,1680.0,100800.0,61.425959780621575,1647.6,1647.6,98856.0
2023-06-23,Tepotzotlan,Tuxtla Gutierrez,6219,104,4,0,112,0.9285714285714286,14.8333333333333,20:30,11:19,1.0,889.999999999998,213599.9999999995,34.3463579353593,887.5,887.5,213000.0
2023-06-23,Tepotzotlan,Villahermosa,9021,151,5,1,154,0.9805194805194806,14.6837777777778,22:30,13:11,1.0,881.026666666668,299549.0666666671,33.205749547352525,804.5,804.5,273530.0
2023-06-23,Villahermosa,Campeche,1,1,0,1,14,0.07142857142857142,7.0,05:00,12:00,0.0,420.0,16800.0,16800.0,381.9,381.9,15276.0
2023-06-23,Villahermosa,Cancun,3,1,0,1,14,0.07142857142857142,,05:00,,,,,,857.3,857.3,34292.0
2023-06-23,Villahermosa,Chetumal,2,1,0,1,14,0.07142857142857142,,05:00,,,,,,575.9,575.9,23036.0
2023-06-23,Villahermosa,Ciudad del Carmen,2,1,0,1,14,0.07142857142857142,3.5,05:00,08:30,0.0,210.0,8400.0,4200.0,177.1,177.1,7084.0
2023-06-23,Villahermosa,Mérida,9,1,0,1,14,0.07142857142857142,,05:00,,,,,,559.5,559.5,22380.0
2023-06-23,Villahermosa,Playa,7,1,0,1,14,0.07142857142857142,,05:00,,,,,,841.7,841.7,33668.0
2023-06-23,Villahermosa,Tuxtla Gutierrez,12,1,0,1,14,0.07142857142857142,5.5,05:00,10:30,0.0,330.0,13200.0,1100.0,243.1,243.1,9724.0
2023-06-23,Villahermosa,Villahermosa,11,1,0,1,14,0.07142857142857142,,05:00,,,,,,,,
2023-06-24,Cancun,Campeche,1,1,0,1,14,0.07142857142857142,8.5,16:30,01:00,1.0,510.0,20400.0,20400.0,475.8,475.8,19032.0
2023-06-24,Cancun,Cancun,2,1,0,1,14,0.07142857142857142,1.0,16:30,17:30,0.0,60.0,2400.0,1200.0,,60.0,2400.0
2023-06-24,Cancun,Mérida,8,1,0,1,14,0.07142857142857142,4.66666666666667,16:30,21:10,0.0,280.00000000000017,11200.000000000007,1400.000000000001,303.2,303.2,12128.0
2023-06-24,Cancun,Playa,3,1,0,1,14,0.07142857142857142,,16:30,,,,,,68.2,68.2,2728.0
2023-06-24,Cancun,Tuxtla Gutierrez,1,1,0,1,14,0.07142857142857142,,16:30,,,,,,1101.4,1101.4,44056.0
2023-06-24,Cancun,Villahermosa,1,1,0,1,14,0.07142857142857142,,16:30,,,,,,859.6,859.6,34384.0
2023-06-24,Mérida,Campeche,427,8,0,1,14,0.5714285714285714,2.91666666666667,22:30,01:25,1.0,175.0000000000002,7000.000000000008,16.39344262295084,176.5,176.5,7060.0
2023-06-24,Mérida,Cancun,1234,21,1,0,28,0.75,6.125,22:30,04:37,1.0,367.5,22050.0,17.86871961102107,303.4,303.4,18204.0
2023-06-24,Mérida,Chetumal,328,6,0,1,14,0.42857142857142855,6.5,22:30,05:00,1.0,390.0,15600.0,47.5609756097561,383.9,383.9,15356.0
2023-06-24,Mérida,Ciudad del Carmen,214,4,0,1,14,0.2857142857142857,7.0,22:30,05:30,1.0,420.0,16800.0,78.50467289719626,383.0,383.0,15320.0
2023-06-24,Mérida,Mérida,1382,24,1,0,28,0.8571428571428571,0.666666666666667,22:30,23:10,0.0,40.000000000000014,2400.000000000001,1.7366136034732278,,40.000000000000014,2400.000000000001
2023-06-24,Mérida,Playa,128,3,0,1,14,0.21428571428571427,7.0,22:30,05:30,1.0,420.0,16800.0,131.25,287.8,287.8,11512.0
2023-06-24,Mérida,Tuxtla Gutierrez,191,4,0,1,14,0.2857142857142857,14.0,22:30,12:30,1.0,840.0,33600.0,175.91623036649216,802.1,802.1,32084.0
2023-06-24,Mérida,Villahermosa,191,4,0,1,14,0.2857142857142857,9.0,22:30,07:30,1.0,540.0,21600.0,113.08900523560209,560.3,560.3,22412.0
2023-06-24,Tapachula,Mérida,1,1,0,1,14,0.07142857142857142,,21:00,,,,,,1119.4,1119.4,44776.0
2023-06-24,Tepotzotlan,Campeche,691,12,0,1,14,0.8571428571428571,21.0,20:30,17:30,1.0,1260.0,50400.0,72.93777134587555,1187.8,1187.8,47512.0
2023-06-24,Tepotzotlan,Cancun,1999,34,1,1,42,0.8095238095238095,27.0,20:30,23:30,1.0,1620.0,162000.0,81.04052026013007,1663.2,1663.2,166320.0
2023-06-24,Tepotzotlan,Chetumal,494,9,0,1,14,0.6428571428571429,26.0,20:30,22:30,1.0,1560.0,62400.0,126.3157894736842,1380.4,1380.4,55216.0
2023-06-24,Tepotzotlan,Ciudad del Carmen,888,15,1,0,28,0.5357142857142857,17.8,20:30,14:18,1.0,1068.0,64080.0,72.16216216216216,982.9,982.9,58974.0
2023-06-24,Tepotzotlan,Mérida,2098,35,1,1,42,0.8333333333333334,24.86664,20:30,21:21,1.0,1491.9984,149199.84,71.11527168732125,1365.4,1365.4,136540.0
2023-06-24,Tepotzotlan,Playa,1623,28,1,0,28,1.0,28.0,20:30,00:30,2.0,1680.0,100800.0,62.10720887245841,1647.6,1647.6,98856.0
2023-06-24,Tepotzotlan,Tuxtla Gutierrez,5228,88,3,1,98,0.8979591836734694,14.8333333333333,20:30,11:19,1.0,889.999999999998,195799.99999999956,37.452180566182015,887.5,887.5,195250.0
2023-06-24,Tepotzotlan,Villahermosa,6170,103,4,0,112,0.9196428571428571,14.6837777777778,22:30,13:11,1.0,881.026666666668,211446.4000000003,34.2700810372772,804.5,804.5,193080.0
2023-06-24,Villahermosa,Cancun,6,1,0,1,14,0.07142857142857142,,05:00,,,,,,857.3,857.3,34292.0
2023-06-24,Villahermosa,Chetumal,1,1,0,1,14,0.07142857142857142,,05:00,,,,,,575.9,575.9,23036.0
2023-06-24,Villahermosa,Ciudad del Carmen,1,1,0,1,14,0.07142857142857142,3.5,05:00,08:30,0.0,210.0,8400.0,8400.0,177.1,177.1,7084.0
2023-06-24,Villahermosa,Mérida,6,1,0,1,14,0.07142857142857142,,05:00,,,,,,559.5,559.5,22380.0
2023-06-24,Villahermosa,Playa,4,1,0,1,14,0.07142857142857142,,05:00,,,,,,841.7,841.7,33668.0
2023-06-24,Villahermosa,Tuxtla Gutierrez,7,1,0,1,14,0.07142857142857142,5.5,05:00,10:30,0.0,330.0,13200.0,1885.7142857142858,243.1,243.1,9724.0
